sample_id,label,measure,cuong,trung,tuyen,KhoiNguyen,agree
BDD03,drivable_alternative,count,0,1,1,0,0
BDD03,drivable_alternative,attr:boundary_visibility,,__undefined__,__undefined__,,0
BDD03,drivable_direct,count,1,1,2,1,0
BDD03,drivable_direct,attr:boundary_visibility,__undefined__,__undefined__,__undefined__|__undefined__,__undefined__,0
BDD03,ignore_region,count,2,1,2,1,0
BDD04,drivable_alternative,count,0,0,0,0,1
BDD04,drivable_direct,count,1,1,1,1,1
BDD04,drivable_direct,attr:boundary_visibility,__undefined__,__undefined__,__undefined__,__undefined__,1
BDD04,ignore_region,count,2,1,1,1,0
BDD17,drivable_alternative,count,2,2,1,0,0
BDD17,drivable_alternative,attr:boundary_visibility,__undefined__|__undefined__,__undefined__|__undefined__,__undefined__,,0
BDD17,drivable_direct,count,1,1,1,1,1
BDD17,drivable_direct,attr:boundary_visibility,__undefined__,__undefined__,__undefined__,__undefined__,1
BDD17,ignore_region,count,0,0,0,0,1
BDD18,drivable_alternative,count,1,1,0,0,0
BDD18,drivable_alternative,attr:boundary_visibility,__undefined__,__undefined__,,,0
BDD18,drivable_direct,count,1,1,1,1,1
BDD18,drivable_direct,attr:boundary_visibility,__undefined__,__undefined__,__undefined__,__undefined__,1
BDD18,ignore_region,count,0,1,1,0,0
BDD22,drivable_alternative,count,1,1,1,0,0
BDD22,drivable_alternative,attr:boundary_visibility,__undefined__,__undefined__,__undefined__,,0
BDD22,drivable_direct,count,1,1,1,1,1
BDD22,drivable_direct,attr:boundary_visibility,__undefined__,__undefined__,__undefined__,__undefined__,1
BDD22,ignore_region,count,0,2,1,1,0
