sample_id,split,tags,reason
BDD01,example,normal,Đường cao tốc ban ngày dễ nhận diện - mẫu direct và alternative
BDD02,example,normal,Đường phố thoáng - mẫu bo viền ngã tư và tránh vỉa hè
BDD03,calibration,normal,Đường có bóng râm nhẹ - kiểm tra đo đồng thuận vẽ polygon cong
BDD04,calibration,conflict,Đường phố có xe đỗ lề đường - kiểm tra vùng ignore_region
BDD17,calibration,low_visibility,Mưa làm mờ vạch và bóng phản chiếu mặt đường
BDD18,calibration,edge;low_visibility,Ban đêm tối đèn đường chiếu rọi mép đường
BDD22,calibration,edge,Chạng vạng ngược sáng ánh sáng yếu
BDD05,blind,edge;occlusion,Đường cao tốc thẳng tắp xe đông che khuất mặt đường
BDD10,blind,edge;occlusion,Ngã tư đông đúc xe đậu che mép đường
BDD15,blind,normal,Đường phố nhiều vạch kẻ rõ nét - test baseline
BDD16,blind,normal,Đường nhỏ hẹp cao tốc âm u - test vẽ polygon liên tục
BDD20,blind,edge;ambiguity,Đường residential hẹp không vạch kẻ tim đường rõ ràng
BDD24,blind,critical,Tuyết phủ kín mép đường - nguy cơ lấn làn đối đầu tai nạn
BDD25,blind,edge;low_visibility,Chạng vạng ánh sáng yếu khó nhận biết mép đường
